{"accuracy": 0.954, "precision": 0.9557234935838473, "recall": 0.954, "f1_score": 0.9527660566818277, "_timestamp": 1742292225.512379, "_runtime": 0.7010269165039062, "_step": 0, "_wandb": {"runtime": 0}}