{"accuracy": 0.94, "precision": 0.9418579331676674, "recall": 0.94, "f1_score": 0.9385411410345942, "_timestamp": 1742292141.835904, "_runtime": 0.458939790725708, "_step": 0, "_wandb": {"runtime": 0}}