{"accuracy": 0.944, "precision": 0.944215855276894, "recall": 0.944, "f1_score": 0.9436437585541193, "_timestamp": 1742292204.504645, "_runtime": 0.5452241897583008, "_step": 0, "_wandb": {"runtime": 0}}