{"accuracy": 0.944, "precision": 0.944215855276894, "recall": 0.944, "f1_score": 0.9436437585541193, "_timestamp": 1742292215.391923, "_runtime": 0.47350406646728516, "_step": 0, "_wandb": {"runtime": 0}}