{"accuracy": 0.954, "precision": 0.9544042633889597, "recall": 0.954, "f1_score": 0.9532074227842138, "_timestamp": 1742292257.856948, "_runtime": 0.5126368999481201, "_step": 0, "_wandb": {"runtime": 0}}