{"accuracy": 0.946, "precision": 0.9473403249075982, "recall": 0.946, "f1_score": 0.9444074231894761, "_timestamp": 1742292183.446789, "_runtime": 0.48775792121887207, "_step": 0, "_wandb": {"runtime": 0}}