{"accuracy": 0.946, "precision": 0.9473403249075982, "recall": 0.946, "f1_score": 0.9444074231894761, "_timestamp": 1742292193.848804, "_runtime": 0.4687070846557617, "_step": 0, "_wandb": {"runtime": 0}}