{"accuracy": 0.954, "precision": 0.9544042633889597, "recall": 0.954, "f1_score": 0.9532074227842138, "_timestamp": 1742292246.837874, "_runtime": 0.49883103370666504, "_step": 0, "_wandb": {"runtime": 0}}