{"accuracy": 0.934, "precision": 0.9350399235266259, "recall": 0.934, "f1_score": 0.9339313532498354, "_timestamp": 1742292162.800545, "_runtime": 0.7521140575408936, "_step": 0, "_wandb": {"runtime": 0}}