{"accuracy": 0.934, "precision": 0.9350399235266259, "recall": 0.934, "f1_score": 0.9339313532498354, "_timestamp": 1742292172.9452338, "_runtime": 0.44998979568481445, "_step": 0, "_wandb": {"runtime": 0}}