{"accuracy": 0.94, "precision": 0.9418579331676674, "recall": 0.94, "f1_score": 0.9385411410345942, "_timestamp": 1742292152.124418, "_runtime": 0.4600090980529785, "_step": 0, "_wandb": {"runtime": 0}}